exam1,exam2,exam3,exam4,exam5,exam6,exam7,exam8,exam9,exam10
50,59,84,76,68,61,99,86,57,97
98,85,65,75,66,68,98,94,66,67
98,98,96,91,78,68,50,77,63,91
50,70,85,55,94,99,92,95,70,69
89,77,55,74,82,61,84,90,75,92
50,91,92,67,87,52,92,67,99,85
68,99,97,76,86,60,96,98,75,87
56,85,62,60,65,57,58,72,98,69
83,91,90,78,59,59,73,85,77,98
73,87,88,90,50,94,53,55,61,59
52,85,60,64,53,79,74,80,57,78
68,71,96,59,56,90,53,76,65,69
63,93,57,91,69,82,51,83,62,60
92,68,73,73,68,93,53,83,59,69
52,93,95,56,61,68,61,51,62,92
92,85,59,61,71,79,79,56,71,83
50,55,99,91,75,68,84,97,51,53
67,64,84,87,68,60,62,63,72,75
99,54,54,76,66,88,81,96,73,78
93,58,89,87,51,75,92,73,58,82
60,72,66,64,92,76,70,99,74,66
55,85,73,85,75,57,97,94,71,56
87,94,74,74,69,57,86,76,54,88
80,98,84,83,62,94,77,73,64,73
53,89,66,99,63,55,68,88,78,71
70,88,58,77,64,93,56,95,94,72
61,78,94,52,97,56,58,63,60,72
98,68,94,76,92,70,79,76,81,68
58,93,56,78,58,73,87,97,98,60
66,60,96,83,99,82,76,87,63,59
92,91,52,59,72,90,92,93,66,57
84,87,96,85,65,63,66,90,73,78
59,61,52,82,89,87,51,82,57,83
74,52,84,79,64,62,61,84,50,59
66,99,86,96,73,58,64,91,65,94
82,64,90,60,93,87,85,85,58,87
86,51,79,71,77,73,62,81,70,78
69,91,67,91,92,63,55,89,67,55
86,94,69,66,94,58,85,78,59,95
76,67,66,70,63,62,74,52,71,94
69,57,55,97,52,78,57,91,62,55
62,95,53,93,92,88,67,52,91,95
94,82,83,55,79,60,53,69,50,60
84,51,99,56,52,70,82,80,74,69
97,69,67,79,90,65,77,96,79,55
59,78,52,93,84,60,81,75,51,55
86,88,90,62,62,87,51,86,98,64
74,94,78,90,57,94,94,68,93,99
90,99,77,52,73,57,75,92,66,74
89,80,88,95,57,84,91,50,82,54
63,57,84,73,73,89,77,86,65,76
78,83,64,81,87,52,88,79,70,83
68,62,55,65,54,84,99,90,60,97
91,72,84,91,59,73,98,84,62,65
58,76,88,88,66,50,80,84,64,96
73,99,94,78,70,82,66,69,61,56
98,61,95,74,79,88,53,70,59,73
57,97,84,90,55,78,77,98,85,67
71,89,85,53,65,58,50,89,72,71
75,76,82,62,95,80,92,90,74,73
55,94,94,94,84,91,58,62,96,71
58,83,51,56,55,94,92,97,71,68
80,80,95,79,75,77,88,70,67,78
52,92,72,80,67,52,53,55,80,63
81,80,97,74,58,98,68,69,66,84
80,82,94,97,63,81,82,63,98,65
98,75,78,91,78,96,51,77,72,70
69,81,95,63,82,58,90,86,72,99
65,65,79,73,80,72,78,62,53,93
78,50,80,61,71,93,88,94,52,60
73,96,59,97,67,92,54,74,63,66
53,63,62,50,94,84,80,79,96,60
95,78,78,72,92,51,78,59,77,91
71,72,51,81,88,75,57,98,98,73
87,90,89,60,83,93,68,80,95,85
78,93,63,68,75,71,93,79,53,92
93,87,56,93,98,85,67,77,70,79
76,67,88,69,51,80,79,54,75,60
67,91,82,63,86,50,99,68,54,81
58,96,51,64,57,84,89,79,65,92
90,63,95,52,77,85,76,63,66,58
72,84,91,67,76,86,72,67,97,59
61,67,80,98,87,56,56,64,58,74
86,55,57,53,78,87,68,99,98,53
61,87,86,93,79,79,51,90,99,93
70,80,81,57,61,72,69,82,64,96
70,58,79,50,77,66,78,86,76,76
56,96,89,68,67,65,85,79,80,99
85,60,98,94,77,76,97,88,72,73
57,80,87,87,63,79,99,72,78,87
67,58,59,90,91,76,68,88,93,69
76,78,56,83,59,62,56,65,53,97
86,78,69,89,52,59,75,61,93,95
93,92,57,99,96,56,95,53,92,95
52,52,73,81,89,86,82,99,64,77
54,59,83,86,65,51,57,96,99,62
57,95,67,60,91,94,60,84,89,57
79,98,73,64,59,78,97,72,86,88
83,77,55,63,50,92,90,65,70,74
65,53,71,83,62,68,60,89,98,92
65,98,72,69,51,84,90,96,83,80
53,93,76,96,82,80,80,95,67,65
95,82,90,57,88,71,66,56,56,95
76,76,99,79,66,78,83,62,96,85
64,67,68,92,63,58,62,58,57,60
81,58,50,81,83,83,88,51,83,55
97,55,50,68,92,93,71,62,78,51
97,56,94,64,94,81,54,64,86,92
64,67,88,84,56,63,90,74,89,84
67,97,55,56,77,95,82,80,98,80
51,66,64,50,68,78,50,69,80,58
98,50,81,65,56,99,76,63,73,87
51,57,87,66,87,85,71,55,93,76
66,62,89,50,79,61,90,80,77,89
87,68,77,98,55,67,54,91,53,75
91,65,65,60,56,83,93,76,96,76
93,65,78,54,50,99,57,91,88,54
91,95,65,71,85,69,85,54,81,55
74,57,58,93,94,83,62,85,67,64
53,89,95,65,51,76,81,51,56,86
83,88,63,82,84,77,99,57,96,82
71,96,94,67,64,67,62,52,73,93
95,78,55,87,98,96,59,68,78,90
64,66,58,85,72,55,99,84,94,73
74,52,61,57,99,71,94,93,80,56
91,99,99,61,56,57,54,96,58,63
93,74,63,91,73,71,65,56,93,96
91,57,91,50,99,99,68,60,72,95
86,58,58,80,97,73,59,62,64,90
67,62,61,99,52,94,62,87,94,86
70,74,57,96,83,64,99,59,88,98
71,79,87,86,64,68,55,83,60,60
57,70,76,89,79,52,84,55,70,87
65,60,88,78,51,58,57,70,53,93
73,95,82,68,84,90,56,67,65,63
81,65,95,86,60,51,85,77,69,79
73,57,99,95,92,77,77,57,88,95
81,78,56,97,73,77,92,85,77,90
52,71,67,80,62,53,92,83,79,55
79,65,70,93,85,71,93,55,56,68
76,66,72,99,73,74,72,52,91,64
71,78,85,97,98,96,68,51,98,53
52,93,56,76,87,90,75,51,51,77
97,92,66,74,95,92,89,88,66,71
94,85,59,79,60,74,75,85,89,86
76,76,76,91,91,82,52,69,51,51
83,74,53,68,74,99,64,83,60,65
51,65,71,58,68,87,88,86,92,50
89,77,72,76,54,53,85,53,59,78
73,59,98,69,72,93,60,91,57,82
77,93,74,56,99,57,68,81,81,70
52,86,97,82,58,72,71,55,81,93
76,95,64,89,94,63,90,90,78,84
88,55,55,93,95,71,55,71,59,58
71,76,87,83,57,89,67,62,52,98
70,85,71,96,78,96,94,80,94,82
93,99,89,79,87,63,78,88,50,87
53,77,88,94,69,67,77,68,60,62
95,63,76,83,52,79,51,65,83,90
89,72,86,70,83,72,53,73,67,90
67,99,82,69,65,76,79,74,81,96
62,52,83,72,84,92,53,95,76,70
99,55,73,67,52,66,53,55,78,63
75,76,69,78,92,88,98,87,85,95
81,92,77,93,66,87,82,97,51,74
63,87,55,54,98,99,94,83,83,86
56,94,54,50,57,56,61,68,62,54
81,88,65,90,86,75,81,87,69,93
57,54,88,99,82,51,67,73,91,61
97,83,60,97,57,64,59,92,79,81
54,57,55,56,83,69,66,93,70,64
92,64,54,79,76,63,78,83,63,64
64,84,97,66,54,60,64,88,62,65
55,66,72,97,64,56,79,91,98,80
92,71,74,75,98,80,87,56,94,86
77,63,67,64,81,81,93,53,71,78
67,69,86,79,67,88,78,99,98,54
96,61,98,57,59,93,65,90,51,70
81,94,78,59,78,76,83,50,67,69
75,51,50,95,90,89,68,92,59,75
78,82,83,66,85,87,58,68,81,73
95,51,50,67,65,67,80,64,62,71
76,82,72,86,65,59,89,92,90,54
71,81,95,54,56,59,57,63,71,90
89,85,68,50,94,83,58,98,88,89
54,84,99,70,89,62,70,83,52,94
81,94,70,81,95,93,67,89,72,78
64,70,87,69,62,93,76,51,54,72
99,65,55,99,95,70,57,90,57,97
71,60,61,50,60,75,79,94,54,53
68,93,61,85,79,59,54,67,73,85
80,66,76,56,99,50,78,87,69,79
94,64,63,92,98,58,54,61,74,87
90,90,97,54,55,53,76,65,64,91
61,62,96,89,93,87,74,82,93,74
68,61,99,55,70,68,56,83,70,70
81,63,78,69,98,67,73,52,96,95
91,82,80,82,57,75,91,86,55,69
99,75,87,50,55,58,95,61,67,68
70,77,71,92,51,99,63,91,65,83
56,70,69,75,81,71,85,94,64,63
83,79,87,95,80,85,83,99,70,80
93,91,68,81,65,82,52,66,76,69
97,63,98,71,71,53,88,75,98,78
98,58,61,94,59,88,91,99,99,64
85,51,52,68,53,77,53,84,86,91
80,57,57,83,55,57,52,63,91,81
83,92,64,60,51,64,72,53,87,91
74,96,72,66,52,52,99,75,62,90
59,94,61,63,59,64,85,70,76,66
60,93,79,80,63,93,64,51,74,88
72,64,98,92,72,55,76,65,96,50
99,65,79,72,95,51,57,79,83,58
88,66,55,50,75,64,67,97,75,51
71,63,92,71,52,88,96,84,59,86
71,65,96,92,74,83,92,93,54,62
85,65,91,77,94,80,66,69,59,65
94,84,75,52,73,92,72,75,82,97
93,55,51,59,78,60,98,93,82,50
64,62,96,92,79,72,89,88,86,84
65,81,72,65,71,58,56,80,85,93
50,52,54,50,95,95,90,92,67,83
79,68,56,65,76,54,81,94,77,69
87,92,84,55,83,99,64,52,65,85
98,73,95,52,89,94,73,74,82,91
88,87,92,60,66,67,99,91,77,74
86,65,63,98,92,84,60,50,92,95
82,67,60,61,81,98,65,67,57,72
88,79,94,97,71,64,76,64,90,52
95,59,64,76,54,76,67,84,81,92
98,50,97,53,83,60,96,93,64,96
73,68,54,50,73,71,66,58,61,74
57,77,69,51,57,66,67,68,87,61
75,57,65,82,53,88,92,95,94,80
50,89,78,71,91,94,93,90,59,63
80,75,87,98,50,51,67,90,86,93
60,53,60,66,55,82,93,50,52,83
56,73,78,59,97,92,91,76,87,96
70,93,70,84,75,82,94,51,79,61
50,99,87,55,72,62,99,95,64,66
61,91,53,91,92,77,88,86,66,51
75,91,67,81,85,70,90,67,84,67
90,71,56,57,76,99,58,75,58,79
84,60,91,76,65,81,89,56,56,64
61,54,79,89,80,87,61,81,84,62
55,79,57,90,52,82,81,88,64,97
64,67,77,58,57,59,58,70,55,55
68,75,87,52,89,74,82,82,74,86
76,80,72,57,85,64,88,65,65,73
75,95,91,85,82,78,60,68,83,55
78,95,94,74,54,65,76,79,59,63
69,92,60,68,64,74,81,52,75,80
70,85,63,98,88,89,68,91,93,86
62,84,98,54,60,96,59,57,88,91
65,96,74,69,94,74,64,69,57,82
84,70,57,96,50,87,91,62,87,84
79,54,62,65,57,55,97,79,59,53
82,80,89,61,56,73,93,66,66,88
52,76,94,79,52,92,85,66,84,72
51,86,58,51,53,76,99,76,96,83
65,55,80,63,65,58,54,52,71,92
73,82,61,59,85,90,56,98,99,76
75,86,56,89,62,92,70,78,82,73
85,95,84,74,63,66,73,66,50,70
70,55,95,85,98,80,65,54,68,57
92,56,77,69,88,62,68,99,86,80
59,57,98,85,51,86,72,90,74,70
97,66,63,96,96,76,85,92,91,75
94,50,98,64,75,96,76,69,51,87
93,63,70,79,61,91,85,97,60,98
66,56,72,90,60,51,52,92,55,88
76,80,93,68,53,79,86,59,70,91
86,84,80,73,89,63,76,87,63,65
50,94,95,76,84,54,89,54,91,58
60,68,95,71,95,62,82,87,66,80
92,66,79,84,71,52,73,91,92,98
91,89,76,63,92,85,65,87,73,97
63,54,59,51,75,62,94,79,96,75
89,67,98,91,88,72,83,81,79,79
55,85,96,62,55,63,93,99,53,92
58,88,98,60,98,65,89,64,75,91
51,56,93,67,69,84,88,88,55,60
67,98,62,68,81,96,64,52,69,99
89,98,61,86,83,63,88,51,63,72
78,99,81,56,51,65,99,82,78,59
82,58,67,54,61,65,76,66,88,62
78,76,85,88,71,90,79,83,83,60
51,77,96,66,92,91,52,63,94,71
75,97,56,89,90,61,96,87,75,71
62,87,79,89,98,57,89,96,75,62
74,65,70,60,78,81,80,83,70,84
64,69,57,72,98,90,87,96,99,52
77,85,85,83,75,66,81,98,99,59
92,83,77,69,99,51,54,90,99,68
67,95,86,84,83,52,57,70,85,82
71,83,80,88,77,90,73,88,76,97
93,51,94,66,75,52,96,90,66,80
52,84,99,92,51,78,59,86,62,52
97,65,62,89,50,95,88,77,98,80
61,96,78,94,52,61,74,61,74,64
50,87,83,67,77,95,68,53,78,59
77,53,96,53,59,99,53,71,73,95
51,53,85,97,69,54,60,57,91,81
96,83,69,70,59,83,89,95,98,88
58,62,67,63,69,67,60,78,56,85
92,94,80,69,98,93,71,50,80,56
97,50,81,82,55,73,57,88,62,79
54,97,83,77,53,93,90,75,52,71
81,63,63,52,64,89,57,92,62,77
67,80,96,74,54,50,99,96,92,54
70,80,64,69,96,65,51,79,57,96
67,50,95,83,54,66,78,68,97,77
86,55,82,50,71,72,92,66,99,70
71,69,63,81,65,71,99,58,56,76
86,58,53,59,96,88,95,87,53,83
69,78,54,65,67,63,80,82,70,74
85,52,74,73,85,64,53,51,50,95
50,57,79,60,72,68,86,56,61,81
79,59,56,82,98,97,60,67,69,89
85,53,99,62,67,83,59,73,80,53
53,62,72,77,72,88,71,86,66,76
79,84,86,82,94,91,62,55,79,88
53,53,51,66,60,86,86,92,93,97
62,59,62,81,68,75,90,79,50,72
98,61,55,52,93,55,99,88,79,80
99,76,55,92,55,96,58,84,52,59
80,59,61,69,94,97,64,95,56,50
97,74,83,86,65,88,89,68,60,63
51,73,83,62,65,51,54,64,56,74
77,76,57,70,65,92,52,77,59,50
91,78,83,92,74,97,67,67,91,90
80,65,95,81,69,92,71,75,79,52
74,65,94,78,74,83,93,74,52,76
89,99,88,92,81,52,71,61,79,75
68,65,74,94,68,63,96,67,79,90
98,89,78,93,63,58,80,97,60,92
87,61,95,70,85,85,90,86,92,78
68,86,86,84,56,68,50,64,93,67
60,89,52,52,70,91,54,87,85,77
79,78,78,59,96,83,76,66,56,90
60,84,65,84,87,64,86,72,68,77
72,93,56,78,61,57,65,92,57,86
63,95,59,88,55,84,85,83,60,86
88,69,53,63,51,93,97,58,63,55
92,57,88,81,68,75,99,78,98,78
68,50,77,51,72,62,85,98,57,93
65,95,73,60,54,56,57,57,91,78
53,88,71,69,65,88,64,98,71,86
84,68,98,89,60,65,50,95,74,64
72,88,81,82,64,87,51,62,58,64
83,71,50,84,53,50,82,85,99,95
74,54,56,54,71,79,78,74,93,88
56,79,92,74,86,66,96,51,82,78
54,52,76,54,67,89,98,84,51,79
84,71,52,84,63,62,59,71,74,90
59,99,83,90,98,68,95,59,95,84
75,78,66,71,84,67,65,62,60,69
78,64,68,85,57,65,66,83,77,92
71,98,71,61,61,71,70,60,51,52
84,99,96,55,64,86,69,82,54,65
58,63,85,62,97,93,70,55,73,96
97,85,78,97,96,80,83,70,62,99
68,67,89,68,77,57,84,62,72,80
54,51,60,55,59,76,78,88,78,96
58,58,50,54,84,87,80,75,77,78
57,59,73,75,87,50,51,70,65,98
82,62,85,55,97,77,69,80,51,68
86,67,84,60,91,74,78,52,66,68
92,73,99,74,98,75,91,93,82,64
58,78,84,78,87,52,52,81,74,90
82,53,94,68,53,55,57,77,82,50
57,73,88,88,95,50,51,98,68,68
57,63,76,87,82,73,58,92,67,82
52,74,81,93,76,88,50,52,71,75
57,66,96,91,71,64,99,79,52,55
63,82,96,59,99,82,69,83,74,99
51,78,54,57,61,67,60,77,99,65
54,58,97,99,92,55,69,65,72,90
92,85,85,88,82,78,62,97,90,61
50,84,90,50,51,50,93,95,99,85
77,89,91,60,83,91,72,98,83,74
57,55,60,87,89,77,56,62,50,88
89,92,75,67,50,90,91,62,68,72
83,69,65,53,66,74,82,75,92,85
63,89,82,63,75,96,85,76,74,80
92,71,86,52,56,60,65,72,67,89
50,91,72,59,59,76,63,50,57,69
56,56,80,65,87,53,80,62,68,83
71,54,97,72,89,69,64,97,77,74
96,69,56,92,59,50,62,91,99,94
51,84,50,78,63,80,83,74,79,77
86,52,80,69,66,85,92,78,63,54
98,50,66,74,87,85,63,58,86,95
75,56,87,54,97,75,86,89,82,57
65,62,94,71,67,61,53,76,64,74
95,82,65,98,75,89,80,59,84,73
50,91,68,85,81,87,85,72,81,87
80,98,74,84,53,99,84,81,60,65
84,80,69,50,67,57,69,67,51,67
92,93,75,53,53,96,50,81,63,84
91,66,93,73,60,76,86,83,53,81
96,73,90,95,62,63,90,96,83,91
95,74,94,92,73,88,96,86,76,55
94,76,96,94,52,73,65,58,53,80
79,65,82,73,96,56,86,52,53,69
83,59,97,90,66,57,61,60,77,61
88,90,59,61,68,52,71,80,52,81
99,70,88,59,77,63,90,90,60,96
99,75,97,97,94,64,56,94,63,75
80,62,86,63,71,80,98,54,79,59
88,89,93,92,57,72,96,78,64,60
95,95,85,91,81,75,87,61,58,96
56,83,78,64,95,63,84,51,54,61
85,75,80,92,63,87,73,59,79,59
77,94,82,55,66,50,72,69,80,56
97,59,53,53,94,82,51,93,50,98
54,63,73,84,82,98,69,89,55,64
86,74,56,91,70,69,96,70,63,50
61,99,91,71,87,85,64,94,69,94
73,52,79,86,81,67,83,79,95,68
59,75,74,94,59,82,55,64,85,92
62,91,56,75,80,51,86,78,69,61
83,86,85,76,79,69,69,78,93,83
59,68,99,77,81,64,86,68,69,98
75,90,90,74,65,64,63,72,64,84
70,83,79,55,90,94,75,93,81,68
60,67,58,53,90,85,64,52,90,63
89,81,59,92,80,67,82,74,82,91
72,50,82,87,66,85,53,70,79,54
58,85,73,62,53,60,51,95,84,84
67,72,79,85,64,73,99,79,78,97
97,51,76,64,51,52,77,88,74,58
89,90,50,50,91,70,70,92,66,93
64,82,77,57,83,93,92,69,90,68
52,50,83,91,57,69,58,51,63,79
52,57,93,90,89,57,86,78,63,69
86,65,69,85,95,90,81,77,86,55
70,51,57,67,98,73,89,61,85,87
59,82,71,93,55,60,71,78,73,51
88,66,55,56,58,69,53,59,69,72
58,97,59,53,68,57,77,57,98,81
90,83,86,58,87,51,87,65,53,57
68,64,99,81,84,57,89,94,78,91
88,71,71,90,56,99,63,98,72,53
77,99,74,87,93,97,98,77,95,96
55,84,54,50,75,62,97,98,91,51
94,89,92,94,83,93,95,88,94,51
93,94,59,57,82,97,73,92,95,58
55,66,80,79,66,69,72,95,88,62
54,66,64,92,83,64,58,57,55,79
88,78,67,90,94,81,74,75,98,81
56,89,75,99,75,64,94,57,99,81
99,64,74,71,86,91,76,53,99,74
60,89,85,97,57,70,54,82,83,71
60,57,63,76,65,69,92,85,51,51
90,95,83,76,80,57,77,86,77,71
62,63,92,95,81,72,65,61,78,99
58,53,86,88,50,62,57,96,87,61
92,53,96,51,79,72,93,76,92,71
61,74,53,51,93,54,93,91,90,54
81,51,85,94,52,63,86,67,90,90
61,81,62,93,63,94,75,60,70,71
55,94,56,98,68,93,98,91,52,63
75,95,78,85,51,56,51,87,80,68
89,94,58,53,60,96,60,68,80,53
96,66,69,76,97,92,69,72,63,75
95,97,70,74,95,61,50,83,70,77
72,62,50,84,99,54,81,91,73,55
90,89,95,90,61,90,75,68,74,52
75,69,71,92,58,60,67,74,94,73
68,61,55,62,53,99,65,83,99,51
94,99,95,90,54,82,86,97,88,74
87,66,79,84,88,89,98,67,99,58
81,50,91,73,51,62,66,85,58,70
57,96,86,99,97,97,68,85,88,76
87,69,83,72,64,80,91,54,71,91
87,73,79,98,77,68,90,50,70,59
54,95,90,74,96,62,91,88,85,52
56,69,51,90,60,71,91,72,61,99
81,87,62,53,92,62,89,92,84,89
88,91,63,60,82,81,57,68,90,87
80,85,73,90,73,75,88,90,55,53
61,86,93,90,82,61,61,70,73,55
52,84,61,80,89,87,93,63,55,74
55,76,56,96,52,71,91,95,72,84
80,54,89,87,75,65,74,50,51,87
88,82,68,75,82,90,77,95,81,69
70,93,55,87,64,77,89,61,56,91
76,68,66,87,79,61,50,67,62,50
94,67,52,93,66,93,87,54,61,55
70,91,74,93,60,59,63,76,83,58
88,98,73,77,86,59,98,65,69,55
91,73,90,93,50,55,70,58,50,75
79,95,86,79,59,69,54,87,56,69
91,61,69,75,95,97,61,97,59,88
87,79,63,71,99,79,57,61,83,62
54,71,69,85,99,83,90,75,93,80
50,68,59,86,77,71,80,88,51,73
86,54,89,79,98,78,51,68,55,79
96,74,95,62,81,54,80,71,60,79
50,59,72,82,82,75,58,63,83,74
71,67,84,73,72,89,63,89,53,89
91,53,80,75,98,98,51,68,53,98
53,69,60,80,95,97,61,82,98,67
53,61,53,86,91,66,92,55,96,71
57,84,80,77,82,96,76,79,96,94
79,69,51,53,59,85,98,62,95,74
52,83,91,84,78,70,77,93,85,71
80,62,70,75,79,95,53,80,55,87
79,67,66,91,80,69,61,68,78,96
78,99,88,55,50,83,69,81,76,53
52,94,93,67,76,81,97,85,50,91
65,64,77,68,94,67,83,56,56,99
70,56,90,70,67,98,57,93,78,73
64,89,79,85,68,78,73,86,83,72
77,85,75,64,61,92,86,58,91,72
87,87,79,83,73,69,85,86,77,72
80,91,69,57,78,54,54,67,81,74
90,99,78,69,97,84,94,55,62,56
54,89,82,66,53,78,57,82,99,71
72,88,86,91,62,73,89,80,99,58
74,76,85,59,65,56,69,90,55,81
59,92,50,67,71,88,56,63,97,87
64,52,64,54,53,86,85,79,94,58
56,62,61,77,63,83,95,52,67,58
60,70,83,91,81,72,51,58,76,53
75,94,91,91,84,89,70,70,82,68
55,71,94,96,94,86,80,81,56,52
89,59,84,51,72,83,67,80,66,84
57,75,69,62,60,96,80,70,66,82
83,75,54,71,94,62,84,99,76,70
87,95,75,54,85,70,91,84,83,58
85,74,83,83,56,80,86,96,66,80
83,58,94,57,81,72,76,55,90,59
91,85,65,65,50,99,64,50,84,53
70,62,58,70,82,61,81,95,60,77
65,61,55,65,96,65,91,82,52,77
85,89,96,65,52,96,95,67,94,85
64,62,80,57,60,50,97,89,58,58
64,93,54,79,78,89,80,56,80,83
62,73,51,60,61,61,63,87,95,91
86,70,68,82,81,52,93,62,60,91
52,71,89,78,56,67,54,79,59,93
55,90,94,88,98,69,82,58,61,80
55,68,89,52,64,60,74,71,88,65
64,87,66,74,89,86,57,88,73,83
55,88,75,94,59,55,84,65,62,66
51,64,72,91,96,98,94,71,83,68
60,89,90,58,58,95,75,80,54,59
57,94,61,81,95,63,66,93,72,95
50,82,94,63,52,82,88,55,71,75
85,59,66,59,79,74,81,56,92,67
80,60,91,89,90,91,83,98,95,94
96,50,81,79,60,74,52,60,55,57
57,63,70,71,77,57,61,77,67,62
87,77,58,91,68,78,59,64,96,81
90,74,51,57,65,57,57,52,84,52
85,78,96,90,85,51,87,54,69,80
74,50,61,61,71,76,55,92,50,73
64,69,90,87,70,52,96,74,75,52
92,88,63,81,90,71,80,63,91,82
87,86,83,77,84,89,73,51,59,72
83,58,66,53,91,81,85,65,73,98
97,57,72,65,66,66,90,94,68,97
78,96,57,68,98,95,54,89,93,93
94,87,68,83,54,85,87,78,77,53
76,51,92,57,75,75,65,58,53,50
51,95,60,71,99,70,75,73,54,94
74,98,68,56,58,83,65,63,75,72
75,82,90,85,59,72,68,74,93,53
60,74,63,93,79,90,98,98,51,59
72,82,69,60,79,62,84,71,99,56
88,56,58,82,97,50,59,89,90,95
79,98,67,92,76,65,86,75,80,96
70,54,64,51,70,89,86,91,58,99
73,70,70,94,73,55,76,75,79,83
83,82,93,96,67,70,82,76,87,83
50,66,50,55,97,94,92,54,96,98
71,90,74,87,84,92,56,63,72,84
72,82,63,70,76,78,81,77,85,91
68,84,60,70,77,68,65,64,83,81
95,69,79,66,80,50,89,83,88,70
90,68,80,85,77,88,76,60,94,61
89,79,75,55,74,96,73,93,67,70
71,80,98,93,65,82,91,76,60,56
97,61,53,82,81,55,72,55,77,89
89,89,92,99,67,76,84,57,98,61
66,81,64,54,64,98,58,50,65,86
82,90,94,94,64,76,83,97,78,99
81,75,85,65,95,55,71,58,60,91
80,56,86,86,71,96,52,63,51,61
91,96,51,95,81,96,58,97,98,55
68,85,53,59,59,71,50,75,72,67
86,64,65,86,68,78,94,52,61,80
57,84,98,79,74,71,71,99,56,74
70,75,62,75,65,68,90,74,89,57
54,54,89,54,64,56,85,66,57,78
76,86,56,62,71,96,56,61,57,93
73,91,72,94,96,90,70,66,71,56
59,51,51,67,53,75,68,64,50,89
75,70,97,90,84,57,66,96,86,67
61,99,60,79,72,73,59,57,69,88
98,65,71,65,51,97,62,79,52,90
91,92,57,67,93,77,95,92,52,86
93,72,69,99,55,61,99,65,79,89
56,96,97,65,82,94,66,93,98,50
72,77,50,53,80,61,56,99,61,53
57,83,98,98,87,64,52,53,60,59
77,79,72,99,79,91,77,64,85,72
90,55,59,88,78,72,65,50,84,67
58,70,95,55,60,61,96,85,51,74
51,61,95,84,79,82,63,95,61,69
91,85,51,97,58,96,96,57,76,99
86,62,70,52,99,71,66,59,95,93
70,60,78,70,86,73,83,62,58,89
99,84,71,88,81,51,96,58,64,52
87,68,64,96,71,78,78,52,80,64
66,73,84,57,60,72,82,51,65,78
96,93,75,89,51,68,71,67,62,95
96,67,82,52,64,75,84,77,82,91
75,69,86,51,53,77,76,81,78,53
64,77,95,77,52,72,52,94,89,68
92,87,94,52,75,60,96,85,84,97
83,93,66,90,77,92,52,98,94,72
74,69,50,87,74,84,60,98,58,59
73,96,55,68,52,62,98,71,90,94
71,99,73,67,77,95,79,71,56,86
52,51,50,59,96,54,84,50,75,53
65,95,84,78,70,86,89,77,63,96
79,73,60,97,90,62,58,89,91,65
71,78,53,58,95,67,77,80,62,51
91,54,64,81,79,81,80,80,70,54
70,87,75,89,50,51,73,58,75,96
90,91,71,69,94,61,58,51,55,93
63,91,87,84,82,86,65,91,95,82
90,89,54,91,91,72,90,79,58,65
53,67,53,81,56,54,79,84,76,54
84,77,70,85,54,91,64,97,61,88
72,94,99,63,82,93,68,51,81,58
92,53,68,72,99,94,55,77,82,92
84,59,86,65,54,90,76,67,51,68
98,63,56,52,50,54,93,64,88,81
80,94,81,86,67,94,93,99,80,71
88,68,99,59,90,80,72,81,74,76
71,95,62,59,76,84,74,50,76,81
50,61,82,74,97,67,78,95,81,79
64,70,54,62,79,96,62,80,90,91
61,53,57,87,88,62,72,93,66,64
73,73,51,67,72,95,90,90,78,67
90,91,85,75,61,94,64,93,71,52
70,79,58,58,66,82,56,78,92,85
98,74,89,54,92,69,79,80,74,90
56,86,64,69,54,65,67,80,66,67
86,68,66,88,93,70,60,99,88,67
52,90,99,83,77,73,84,53,98,83
97,64,59,89,88,98,73,90,50,99
67,72,92,86,91,86,97,92,61,51
84,70,89,71,97,67,97,81,71,68
64,56,89,99,93,97,62,91,74,90
50,58,70,81,83,96,58,76,72,85
92,78,57,89,75,68,90,66,91,53
62,90,55,81,66,57,89,65,99,80
95,76,73,71,87,70,84,88,54,82
60,75,67,65,94,74,89,56,58,80
97,53,93,79,69,57,83,74,59,66
71,84,86,59,85,70,97,86,96,88
93,99,85,61,65,83,85,78,98,89
58,90,92,79,53,81,76,57,85,59
66,83,92,99,64,57,98,95,74,61
65,94,82,94,79,65,67,82,73,90
55,75,84,66,64,86,71,53,80,73
85,78,80,87,58,86,64,72,85,79
98,77,65,86,59,64,89,65,88,99
55,52,95,88,80,80,98,69,88,69
68,56,89,58,95,74,51,57,93,50
92,54,61,58,88,50,57,95,95,99
73,70,88,98,66,69,95,75,93,87
50,67,76,67,77,83,98,71,64,75
86,52,57,72,83,99,98,85,61,98
56,55,69,65,75,61,61,59,62,80
64,65,91,57,96,55,67,80,61,90
92,98,71,77,77,90,88,68,79,56
61,97,99,78,62,74,68,56,87,88
97,86,51,64,54,76,78,56,88,73
56,74,73,86,58,50,82,58,72,80
70,63,51,87,70,76,50,54,93,82
59,71,81,55,83,98,85,80,61,82
69,83,70,59,74,78,80,55,64,78
58,62,87,82,69,55,71,85,82,71
78,84,85,69,77,83,75,92,95,75
88,67,94,77,67,66,77,71,61,86
64,63,83,53,82,89,57,88,58,95
65,80,52,95,84,58,52,81,66,67
63,69,65,58,75,89,77,84,55,67
95,50,94,68,56,83,71,85,55,92
62,87,81,71,62,66,77,89,51,79
72,80,61,77,52,69,55,84,50,56
51,52,81,85,52,82,63,62,71,98
99,84,88,98,99,66,52,89,57,54
51,80,58,89,61,62,79,79,74,56
94,83,64,84,59,98,97,59,50,60
59,50,94,61,93,55,82,56,62,87
57,78,54,56,89,60,61,73,55,99
66,60,59,50,97,66,71,95,61,75
98,85,77,73,78,86,69,97,97,89
89,77,77,81,55,51,54,53,95,90
98,91,60,91,75,67,81,77,65,73
81,88,97,60,97,76,62,88,86,79
91,78,72,85,65,93,57,95,98,66
89,56,73,60,56,92,61,54,90,68
96,80,95,63,67,76,89,62,55,91
99,51,64,90,78,99,60,55,58,95
54,87,61,84,72,53,69,71,61,61
93,57,76,65,99,52,71,94,61,60
51,59,66,65,52,68,89,54,68,83
74,52,88,58,69,70,57,96,57,64
87,83,93,57,76,61,91,71,63,68
55,54,85,83,71,76,78,94,56,54
71,60,94,65,68,69,87,97,64,51
61,87,97,80,73,50,89,92,54,76
80,54,69,83,75,91,89,79,72,94
92,95,60,89,77,55,96,69,71,99
55,99,89,89,50,61,68,82,60,54
55,62,52,82,90,82,70,90,50,81
92,95,64,90,93,66,56,94,63,57
55,82,68,71,78,89,88,77,84,84
50,97,63,91,62,60,98,79,93,81
89,65,90,70,74,85,54,59,58,94
88,93,66,80,52,60,56,70,79,57
56,55,69,81,57,82,93,67,57,75
93,51,83,65,85,73,97,90,84,86
62,89,69,60,83,57,73,82,69,86
86,83,70,63,74,91,70,61,70,87
84,60,58,60,69,81,53,50,65,98
93,80,50,66,68,56,67,56,55,60
95,64,87,95,73,74,64,86,63,90
73,95,61,53,98,89,81,93,52,50
66,73,86,82,93,83,54,62,56,89
54,79,89,72,66,66,74,98,89,60
71,61,70,59,54,84,84,89,73,87
52,79,69,60,99,90,55,63,98,93
86,78,79,94,85,75,71,69,71,80
71,88,98,70,99,99,82,93,59,54
77,71,72,96,51,50,55,78,69,98
74,88,68,83,79,92,79,82,93,69
52,71,82,57,74,82,98,97,76,85
52,88,62,63,96,65,64,75,82,50
68,89,84,77,68,74,92,62,52,90
78,57,80,55,86,94,52,58,95,64
53,62,89,99,82,65,65,81,56,68
67,93,69,54,61,82,95,58,58,99
82,91,53,53,65,56,55,60,92,91
79,69,58,74,69,77,66,62,93,70
97,51,87,93,58,78,98,62,89,66
96,71,63,50,66,82,61,66,54,76
50,66,52,93,52,96,58,53,66,60
52,51,71,62,55,89,91,73,79,74
75,64,54,61,52,83,83,89,89,57
68,85,65,93,54,76,94,69,62,92
57,73,68,57,59,74,93,72,86,85
50,90,61,69,80,92,77,64,63,70
50,57,53,63,75,71,69,80,79,52
75,61,87,56,62,80,70,68,59,69
67,95,79,91,54,68,63,67,78,66
50,98,89,99,86,61,79,74,76,95
89,65,85,74,67,87,96,65,83,74
99,94,60,72,85,99,92,63,90,88
58,78,83,66,76,64,82,71,74,88
93,75,78,91,85,67,63,66,62,83
60,69,87,90,96,71,88,58,54,70
90,91,61,81,66,78,56,98,87,60
64,54,74,88,54,55,86,67,69,64
51,61,59,98,74,58,95,95,83,71
94,90,84,90,98,68,91,86,72,90
77,77,77,65,66,56,71,79,83,81
56,60,73,83,76,71,62,84,51,72
78,55,52,94,66,98,60,69,88,96
63,79,87,58,58,92,62,50,87,55
75,74,97,50,90,82,75,53,88,55
70,88,92,95,70,55,89,86,56,54
73,85,55,83,57,77,85,76,73,82
63,95,60,75,80,93,51,82,85,61
80,76,61,89,84,82,73,93,53,86
57,93,94,58,74,64,82,67,54,75
74,52,79,90,76,99,97,73,76,54
66,94,91,88,82,88,89,73,61,60
68,68,88,64,92,59,97,83,93,71
50,82,62,62,63,62,94,86,51,64
63,84,51,56,76,78,99,68,59,93
58,72,83,58,76,62,68,59,76,96
68,81,67,54,76,97,55,82,81,72
76,61,68,59,67,89,95,96,62,78
65,54,54,94,84,66,67,71,84,98
74,98,85,98,98,84,51,63,89,78
96,95,55,54,69,90,96,95,66,56
50,83,95,71,99,93,84,68,92,87
68,97,58,68,96,53,79,85,78,67
63,52,61,75,84,82,65,79,60,51
52,80,55,76,97,95,62,85,57,76
91,58,87,87,55,70,53,51,96,60
98,92,92,63,64,51,98,78,86,95
87,55,78,87,84,51,83,60,79,88
73,50,83,55,58,68,71,51,67,74
77,55,55,72,74,95,80,92,86,95
53,65,51,65,98,83,77,55,63,79
83,58,73,82,88,66,83,81,83,58
57,51,81,80,66,87,74,88,95,65
50,76,53,54,74,65,53,54,85,72
58,52,88,78,83,85,87,77,62,62
78,83,77,61,81,93,96,70,82,76
74,67,54,72,70,59,69,92,92,93
76,90,72,71,71,93,83,96,73,88
90,75,54,97,88,98,90,87,70,76
54,97,56,60,86,90,71,78,87,88
85,56,77,90,70,61,72,87,83,60
60,77,96,59,63,50,99,63,78,96
97,64,57,81,53,69,57,83,86,78
74,76,81,82,85,58,85,76,74,79
84,69,53,76,67,56,93,53,71,66
62,80,71,66,81,51,69,52,72,89
86,57,91,76,78,96,53,57,50,62
85,80,75,98,53,82,80,69,78,98
61,78,75,67,63,82,90,74,91,66
98,50,87,79,92,51,84,82,59,94
80,68,89,54,59,93,50,94,70,59
73,57,61,58,64,93,88,86,56,61
89,61,83,77,98,54,76,89,51,73
78,99,51,62,64,82,80,67,83,52
65,58,65,78,57,88,61,87,50,86
80,66,73,97,51,60,72,56,69,91
62,96,89,64,66,57,59,77,87,52
94,97,80,95,73,98,77,65,62,57
73,89,71,54,96,54,98,88,70,50
88,72,65,55,56,66,94,70,61,78
55,81,67,99,82,80,57,99,78,74
57,57,68,83,95,62,84,56,64,66
85,57,97,64,65,61,94,87,89,65
76,93,92,58,69,80,88,99,97,57
99,64,96,73,57,66,61,50,59,52
64,78,67,57,97,71,50,65,86,72
84,65,87,57,59,85,56,79,87,98
67,62,77,81,80,87,50,72,65,71
57,51,98,79,86,65,76,61,85,80
93,80,62,98,50,52,57,72,64,62
92,51,83,62,99,94,62,60,86,66
92,54,80,53,83,58,77,55,59,95
63,54,76,65,53,71,78,75,80,89
54,85,61,91,89,58,88,59,89,86
91,90,64,69,53,56,69,97,66,97
51,73,52,98,52,83,52,88,69,67
60,94,98,89,79,81,99,62,74,91
86,52,55,72,72,78,53,75,77,50
80,92,76,54,69,83,76,68,64,93
56,80,72,98,63,82,80,96,69,87
63,99,53,50,73,67,72,79,71,95
84,83,51,88,59,69,98,83,97,79
66,91,85,63,83,87,50,97,78,54
81,55,64,59,56,69,94,93,74,69
65,66,67,81,99,69,79,88,88,84
50,90,62,96,63,64,85,77,58,89
99,71,55,63,50,82,64,70,94,97
89,82,54,91,75,75,54,96,61,66
69,98,98,67,71,75,51,86,94,87
75,67,99,96,65,97,54,55,99,57
65,70,88,66,72,83,68,77,70,97
78,93,88,55,97,78,95,93,96,54
69,98,84,98,58,66,76,68,71,83
90,84,92,65,86,77,72,90,94,97
96,86,85,71,61,69,92,85,86,82
78,72,92,74,79,92,59,54,96,54
68,80,58,74,98,86,57,60,97,52
62,50,98,74,52,91,53,87,91,62
69,90,53,91,79,92,82,92,95,74
96,88,61,66,59,78,98,84,77,85
89,55,69,58,97,57,79,81,64,75
89,78,83,80,57,72,50,87,86,62
90,53,62,86,73,50,63,52,57,57
76,93,64,55,61,98,73,63,94,94
92,67,60,94,50,87,73,52,54,77
88,58,92,62,74,81,78,69,97,84
63,79,88,84,53,94,51,90,95,70
57,86,56,83,76,95,95,96,53,98
67,90,78,89,53,62,87,66,57,51
62,98,67,56,50,92,52,60,86,56
71,83,52,78,99,84,52,91,89,54
56,63,90,87,67,68,79,94,61,59
82,96,78,81,78,78,81,84,93,87
52,78,98,54,97,59,88,82,65,72
50,94,87,95,90,98,66,68,96,69
77,98,60,60,97,61,58,51,84,84
65,51,98,72,80,55,73,51,53,51
92,88,55,74,91,52,78,56,80,62
79,51,50,64,76,58,81,79,61,59
99,81,68,97,89,91,81,72,70,75
89,99,79,96,59,55,65,97,51,51
82,50,78,76,60,87,55,54,89,84
80,77,85,60,97,61,91,93,54,84
85,82,83,60,64,59,71,65,58,50
66,52,95,99,71,75,89,91,65,55
76,76,57,87,65,57,68,77,81,60
69,92,51,74,56,99,65,82,76,90
60,99,80,50,86,98,93,63,97,72
73,96,62,79,52,75,82,86,86,52
98,79,96,89,51,82,85,88,89,97
62,83,64,97,69,89,90,63,94,94
51,82,79,99,61,69,55,57,98,91
77,65,69,64,80,64,81,90,70,71
94,78,67,88,80,56,93,74,78,80
62,80,52,83,77,84,88,51,81,58
53,92,96,91,98,96,99,99,94,70
95,78,73,81,64,99,52,56,93,62
83,72,55,97,98,79,88,89,90,95
80,65,90,64,95,56,93,62,70,67
57,56,82,59,61,96,90,64,95,56
51,65,50,71,54,54,66,81,67,81
94,95,64,75,69,82,57,50,98,99
80,53,66,99,83,76,75,69,81,62
85,50,86,61,89,98,93,73,83,54
91,54,91,90,82,89,94,92,55,50
53,64,52,95,64,79,84,67,90,68
61,98,68,65,85,83,98,52,57,97
68,74,60,93,73,89,68,78,97,68
92,62,53,80,74,78,67,65,85,71
71,64,97,79,65,75,74,66,71,57
98,71,62,75,62,98,79,89,77,78
84,90,57,58,70,56,55,75,93,73
73,87,63,58,75,77,80,90,98,84
64,57,63,87,51,76,67,95,87,81
59,80,92,68,59,78,93,70,76,57
97,89,99,92,91,55,99,88,81,67
71,95,62,65,51,56,92,77,83,64
75,56,95,79,69,89,96,71,52,81
66,61,90,51,57,64,64,92,82,79
67,70,71,72,65,79,84,88,79,98
53,90,79,66,70,77,62,51,55,66
75,96,66,59,91,95,56,59,55,80
83,83,84,99,68,52,73,60,58,64
54,93,92,57,53,99,96,83,93,64
90,66,57,79,78,78,85,79,70,54
54,85,69,69,51,56,58,75,90,98
62,79,84,97,54,74,82,91,97,55
90,93,71,92,73,72,50,83,59,51
72,56,86,71,58,93,80,54,71,86
95,85,80,91,80,82,86,98,87,97
57,70,83,77,54,98,57,52,99,51
97,53,54,50,70,71,96,84,58,73
86,85,94,69,52,54,60,96,51,88
85,64,76,63,87,81,95,91,69,90
91,78,90,96,50,71,56,85,87,64
69,85,75,88,84,88,92,50,66,71
51,60,93,95,57,96,50,78,61,82
53,70,86,69,67,91,87,70,50,93
76,55,99,80,56,88,61,62,71,61
88,79,66,52,76,91,61,55,60,54
52,68,68,77,67,77,59,91,50,90
69,70,86,96,79,52,55,54,89,69
58,79,88,98,92,64,86,92,52,57
62,64,90,80,81,50,59,86,94,55
75,87,91,74,84,72,97,79,71,61
80,55,67,84,94,97,92,61,82,54
54,81,93,55,95,94,53,53,57,68
64,70,68,91,52,74,62,66,53,89
59,91,86,55,50,67,84,87,63,68
56,99,81,67,82,93,51,97,82,87
88,91,70,52,66,68,94,56,95,62
64,90,93,84,54,78,97,66,91,57
68,98,93,91,98,84,53,73,58,65
97,59,83,73,94,60,80,84,99,85
73,79,77,57,74,88,69,52,95,90
86,95,71,75,91,50,50,59,65,86
85,61,98,80,63,69,56,64,96,59
94,75,81,78,87,85,99,51,68,92
72,96,80,52,70,93,83,79,83,94
60,69,56,73,69,97,83,50,60,65
70,97,66,95,67,61,94,79,60,63
54,73,70,66,52,92,95,51,67,92
59,86,57,86,84,98,55,90,56,56
94,89,97,53,55,94,80,64,81,69
63,92,84,95,81,70,55,99,97,87
64,65,71,82,79,76,95,96,84,50
63,58,77,66,59,76,91,53,62,81
65,94,67,80,82,98,80,68,80,62
95,79,55,92,73,94,86,71,53,55
98,71,62,87,94,84,91,54,70,61
76,83,91,74,74,70,73,85,50,72
70,60,54,98,96,98,53,90,80,69
64,93,54,61,84,68,93,72,65,99
92,68,89,53,93,71,62,64,70,64
58,72,94,69,64,95,78,95,84,98
94,67,60,81,77,90,66,95,86,56
69,75,54,81,68,94,70,69,94,56
67,50,57,50,73,66,96,80,99,89
89,81,78,89,65,91,77,92,77,84
60,83,98,89,74,51,84,62,95,80
70,81,61,83,71,60,88,95,86,55
75,54,62,50,87,91,81,67,73,74
59,64,79,58,60,86,79,97,85,97
76,84,93,54,62,80,63,62,79,72
74,84,66,67,66,54,71,68,57,80
67,68,65,56,61,87,68,91,57,54
